select * from dept;
INSERT INTO countries(country_id,country_name,region_id)VALUES(6,'Switzerland',1);
INSERT INTO jobs(job_id,job_title,min_salary,max_salary)VALUES(17,'ShippingClerk',2500.00,5500.00);
INSERT INTO employees(employee_id,first_name,last_name,email,phone_number,hire_date,job_id,salary,manager_id,department_id)VALUES(192,'Sarah','Bell','sarah.bell.org','650676','1996-02-04',17,4000.00,123,5);
INSERT INTO dept(department_id,department_name,location_id)VALUES(5,'Shipping',1500);
INSERT INTO employees(employee_id,first_name,last_name,email,phone_number,hire_date,job_id,salary,manager_id,department_id)VALUES(123,'Shanta','Vollman','shanta.vollman.org','6504234','1997-10-10',19,6500.00,100,5);
INSERT INTO jobs(job_id,job_title,min_salary,max_salary)VALUES(19,'StockManager',5500.00,8500.00);
INSERT INTO employees(employee_id,first_name,last_name,email,phone_number,hire_date,job_id,salary,manager_id,department_id)VALUES(145,'John','Russell','john.russell.org',NULL,'1996-10-01',15,14000.00,100,8);
INSERT INTO jobs(job_id,job_title,min_salary,max_salary)VALUES(15,'SalesManager',10000.00,20000.00);
INSERT INTO dept(department_id,department_name,location_id)VALUES(8,'Sales',2500);
INSERT INTO locations(location_id,street_address,postal_code,city,state_province,country_id)VALUES(2500,'TheOxfordPark',56882,'Oxford','Oxford',6);

INSERT INTO employees(employee_id,first_name,last_name,email,phone_number,hire_date,job_id,salary,manager_id,department_id)VALUES(146,'Karen','Partners','karen.partners.org',NULL,'1997-01-05',15,13500.00,100,8);
INSERT INTO employees(employee_id,first_name,last_name,email,phone_number,hire_date,job_id,salary,manager_id,department_id)VALUES(176,'Jonathon','Taylor','jonathon.taylor.org',NULL,'1998-03-24',16,8600.00,100,8);
INSERT INTO employees(employee_id,first_name,last_name,email,phone_number,hire_date,job_id,salary,manager_id,department_id)VALUES(177,'Jack','Livingston','jack.livingston.org',NULL,'1998-04-23',16,8400.00,100,8);

INSERT INTO jobs(job_id,job_title,min_salary,max_salary)VALUES(16,'SalesRep',6000.00,12000.00);

INSERT INTO employees(employee_id,first_name,last_name,email,phone_number,hire_date,job_id,salary,manager_id,department_id)VALUES(178,'Kimberely','Grant','kimberely.grant.org',NULL,'1999-05-24',16,7000.00,100,8);
INSERT INTO employees(employee_id,first_name,last_name,email,phone_number,hire_date,job_id,salary,manager_id,department_id)VALUES(179,'Charles','Johnson','charles.johnson.org',NULL,'2000-01-04',16,6200.00,100,8);


INSERT INTO employees(employee_id,first_name,last_name,email,phone_number,hire_date,job_id,salary,manager_id,department_id)VALUES(122,'Payam','Kaufling','payam.kaufling.org','6503234','1995-05-01',19,7900.00,100,5);
INSERT INTO employees(employee_id,first_name,last_name,email,phone_number,hire_date,job_id,salary,manager_id,department_id)VALUES(115,'Alexander','Khoo','alexander.khoo.org','5154562','1995-05-18',13,3100.00,114,3);
INSERT INTO jobs(job_id,job_title,min_salary,max_salary)VALUES(13,'PurchasingClerk',2500.00,5500.00);

INSERT INTO dept(department_id,department_name,location_id)VALUES(3,'Purchasing',1700);
INSERT INTO dependents(dependent_id,first_name,last_name,relationship,employee_id)VALUES(22,'Elvis','Khoo','Child',115);
INSERT INTO employees(employee_id,first_name,last_name,email,phone_number,hire_date,job_id,salary,manager_id,department_id)VALUES(114,'Den','Raphaely','den.raphaely.org','5154561','1994-12-07',14,11000.00,100,3);
INSERT INTO jobs(job_id,job_title,min_salary,max_salary)VALUES(14,'PurchasingManager',8000.00,15000.00);


INSERT INTO dept(department_id,department_name,location_id)VALUES(11,'Accounting',1700);


